{
  "threshold_retreat": {
    "mean": 223.67875122251812,
    "std": 17.838886634246425,
    "min": 203.34685223396326,
    "max": 257.7258339626074,
    "success_rate": 0.72
  }
}